{
  "$schema": "./node_modules/@angular/cli/lib/config/schema.json",
  "project": {
    "name": "my-app"
  },
  "apps": [
    {
      "root": "src",
      "outDir": "dist",
      "assets": [
        "assets",
        "favicon.ico"
      ],
      "index": "index.html",
      "main": "main.ts",
      "polyfills": "polyfills.ts",
      "test": "test.ts",
      "tsconfig": "tsconfig.app.json",
      "testTsconfig": "tsconfig.spec.json",
      "prefix": "app",
      "styles": [
        "../node_modules/jspdf/dist/jspdf.min.js",
        "../node_modules/jspdf-autotable/dist/jspdf.plugin.autotable.min.js",
        "../node_modules/angular2-toaster/toaster.css",
        "../node_modules/bootstrap/dist/css/bootstrap.css",
        "../node_modules/font-awesome/css/font-awesome.css",
        "../src/assets/styles/styles.css",
        "../node_modules/sweetalert2/dist/sweetalert2.min.css",
        "styles.css"
      ],
      "scripts": [
        "../node_modules/jquery/dist/jquery.js",
        "../node_modules/metismenu/dist/metisMenu.js",
        "../src/vendor/pace/pace.min.js",
        "../node_modules/bootstrap/dist/js/bootstrap.js",
        "../node_modules/sweetalert2/dist/sweetalert2.min.js"
      ],
      "environmentSource": "environments/environment.ts",
      "environments": {
        "dev": "environments/environment.ts",
        "prod": "environments/environment.prod.ts"
      }
    }
  ],
  "e2e": {
    "protractor": {
      "config": "./protractor.conf.js"
    }
  },
  "lint": [
    {
      "project": "src/tsconfig.app.json",
      "exclude": "**/node_modules/**"
    },
    {
      "project": "src/tsconfig.spec.json",
      "exclude": "**/node_modules/**"
    },
    {
      "project": "e2e/tsconfig.e2e.json",
      "exclude": "**/node_modules/**"
    }
  ],
  "test": {
    "karma": {
      "config": "./karma.conf.js"
    }
  },
  "defaults": {
    "styleExt": "css",
    "serve": {
      "port": 4200
    },
    "component": {}
  }
}
